1776449715252,1,How to get a good grade in DOS in 40 minutes a day
1776449749559,3,Xen and the Art of Surviving Undergraduate School
1777044839449,2,RPCs for Noobs
1777044860463,1,How to get a good grade in DOS in 40 minutes a day
1777044870526,2,RPCs for Noobs
1777044986354,2,RPCs for Noobs
1777045007669,2,RPCs for Noobs
1777045058623,2,RPCs for Noobs
1777045334908,2,RPCs for Noobs
1777055769499,1,How to get a good grade in DOS in 40 minutes a day
1777060210608,4,Cooking for the Impatient Undergrad
1777060986933,4,Cooking for the Impatient Undergrad
1777064436020,4,Cooking for the Impatient Undergrad
1777077159710,3,Xen and the Art of Surviving Undergraduate School
1777077177556,3,Xen and the Art of Surviving Undergraduate School
1778575015000,1,How to get a good grade in DOS in 40 minutes a day
1778879738897,2,RPCs for Noobs
1778879835255,2,RPCs for Noobs
1778880323958,2,RPCs for Noobs
1778880327263,2,RPCs for Noobs
1778880328683,2,RPCs for Noobs
